{
  "title": "CreativeWorkTypes",
  "category": "metadata",
  "description": "Union type for call CreativeWork types.",
  "anyOf": [
    {
      "$ref": "CreativeWork.schema.json"
    },
    {
      "$ref": "Article.schema.json"
    },
    {
      "$ref": "AudioObject.schema.json"
    },
    {
      "$ref": "Collection.schema.json"
    },
    {
      "$ref": "Datatable.schema.json"
    },
    {
      "$ref": "Figure.schema.json"
    },
    {
      "$ref": "ImageObject.schema.json"
    },
    {
      "$ref": "MediaObject.schema.json"
    },
    {
      "$ref": "Periodical.schema.json"
    },
    {
      "$ref": "PublicationIssue.schema.json"
    },
    {
      "$ref": "PublicationVolume.schema.json"
    },
    {
      "$ref": "SoftwareApplication.schema.json"
    },
    {
      "$ref": "SoftwareSourceCode.schema.json"
    },
    {
      "$ref": "Table.schema.json"
    },
    {
      "$ref": "VideoObject.schema.json"
    }
  ],
  "file": "CreativeWorkTypes.schema.yaml",
  "children": [],
  "descendants": [],
  "$schema": "http://json-schema.org/draft-07/schema#",
  "$id": "https://stencila.github.com/schema/CreativeWorkTypes.schema.json",
  "source": "https://github.com/stencila/schema/blob/master/schema/CreativeWorkTypes.schema.yaml"
}
