{
  "title": "SchemaTypes",
  "category": "data",
  "description": "Union type for all data schemas.",
  "anyOf": [
    {
      "$ref": "ConstantSchema.schema.json"
    },
    {
      "$ref": "EnumSchema.schema.json"
    },
    {
      "$ref": "BooleanSchema.schema.json"
    },
    {
      "$ref": "NumberSchema.schema.json"
    },
    {
      "$ref": "IntegerSchema.schema.json"
    },
    {
      "$ref": "StringSchema.schema.json"
    },
    {
      "$ref": "ArraySchema.schema.json"
    },
    {
      "$ref": "TupleSchema.schema.json"
    }
  ],
  "file": "SchemaTypes.schema.yaml",
  "children": [],
  "descendants": [],
  "$schema": "http://json-schema.org/draft-07/schema#",
  "$id": "https://stencila.github.com/schema/SchemaTypes.schema.json",
  "source": "https://github.com/stencila/schema/blob/master/schema/SchemaTypes.schema.yaml"
}
